WIKIDATA,NAME,MS_FB,MS_FB_PARE
Q50258901,성동구제1선거구,country:kr/special-city:11/flacs-constituency:성동구제1선거구,country:kr/special-city:11
Q50259908,노원구제1선거구,country:kr/special-city:11/flacs-constituency:노원구제1선거구,country:kr/special-city:11
Q50277264,북구제1선거구,country:kr/met-city:29/flacs-constituency:북구제1선거구,country:kr/met-city:29
Q50277504,북구제2선거구,country:kr/met-city:29/flacs-constituency:북구제2선거구,country:kr/met-city:29
Q50277669,북구제3선거구,country:kr/met-city:29/flacs-constituency:북구제3선거구,country:kr/met-city:29
Q50277851,북구제4선거구,country:kr/met-city:29/flacs-constituency:북구제4선거구,country:kr/met-city:29
Q50277904,광주광역시북구제5선거구,country:kr/met-city:29/flacs-constituency:광주광역시북구제5선거구,country:kr/met-city:29
Q50572340,전주시제1선거구,country:kr/province:45/flacs-constituency:전주시제1선거구,country:kr/province:45
Q50572342,순창군선거구,country:kr/province:45/flacs-constituency:순창군선거구,country:kr/province:45
Q50572343,무주군선거구,country:kr/province:45/flacs-constituency:무주군선거구,country:kr/province:45
Q50572344,완주군제2선거구,country:kr/province:45/flacs-constituency:완주군제2선거구,country:kr/province:45
Q50572345,김제시제2선거구,country:kr/province:45/flacs-constituency:김제시제2선거구,country:kr/province:45
Q50572346,정읍시제2선거구,country:kr/province:45/flacs-constituency:정읍시제2선거구,country:kr/province:45
Q50572348,남원시제2선거구,country:kr/province:45/flacs-constituency:남원시제2선거구,country:kr/province:45
Q50572349,전주시제7선거구,country:kr/province:45/flacs-constituency:전주시제7선거구,country:kr/province:45
Q50572351,군산시제3선거구,country:kr/province:45/flacs-constituency:군산시제3선거구,country:kr/province:45
Q50572352,전주시제9선거구,country:kr/province:45/flacs-constituency:전주시제9선거구,country:kr/province:45
Q50572353,전주시제4선거구,country:kr/province:45/flacs-constituency:전주시제4선거구,country:kr/province:45
Q50572354,익산시제4선거구,country:kr/province:45/flacs-constituency:익산시제4선거구,country:kr/province:45
Q50572356,완주군제1선거구,country:kr/province:45/flacs-constituency:완주군제1선거구,country:kr/province:45
Q50572358,군산시제4선거구,country:kr/province:45/flacs-constituency:군산시제4선거구,country:kr/province:45
Q50572359,전주시제8선거구,country:kr/province:45/flacs-constituency:전주시제8선거구,country:kr/province:45
Q50572361,전주시제6선거구,country:kr/province:45/flacs-constituency:전주시제6선거구,country:kr/province:45
Q50572363,전주시제2선거구,country:kr/province:45/flacs-constituency:전주시제2선거구,country:kr/province:45
Q50572364,장수군선거구,country:kr/province:45/flacs-constituency:장수군선거구,country:kr/province:45
Q50572366,익산시제1선거구,country:kr/province:45/flacs-constituency:익산시제1선거구,country:kr/province:45
Q50572367,김제시제1선거구,country:kr/province:45/flacs-constituency:김제시제1선거구,country:kr/province:45
Q50572368,부안군제1선거구,country:kr/province:45/flacs-constituency:부안군제1선거구,country:kr/province:45
Q50572370,정읍시제1선거구,country:kr/province:45/flacs-constituency:정읍시제1선거구,country:kr/province:45
Q50572373,진안군선거구,country:kr/province:45/flacs-constituency:진안군선거구,country:kr/province:45
Q50572374,고창군제1선거구,country:kr/province:45/flacs-constituency:고창군제1선거구,country:kr/province:45
Q50572376,임실군선거구,country:kr/province:45/flacs-constituency:임실군선거구,country:kr/province:45
Q50572378,부안군제2선거구,country:kr/province:45/flacs-constituency:부안군제2선거구,country:kr/province:45
Q50572381,전주시제3선거구,country:kr/province:45/flacs-constituency:전주시제3선거구,country:kr/province:45
Q50572385,군산시제1선거구,country:kr/province:45/flacs-constituency:군산시제1선거구,country:kr/province:45
Q50572386,남원시제1선거구,country:kr/province:45/flacs-constituency:남원시제1선거구,country:kr/province:45
Q50572388,익산시제3선거구,country:kr/province:45/flacs-constituency:익산시제3선거구,country:kr/province:45
Q50572390,전주시제5선거구,country:kr/province:45/flacs-constituency:전주시제5선거구,country:kr/province:45
Q50572391,익산시제2선거구,country:kr/province:45/flacs-constituency:익산시제2선거구,country:kr/province:45
Q50572393,군산시제2선거구,country:kr/province:45/flacs-constituency:군산시제2선거구,country:kr/province:45
Q50572395,고창군제2선거구,country:kr/province:45/flacs-constituency:고창군제2선거구,country:kr/province:45
Q50572397,용인시제8선거구,country:kr/province:41/flacs-constituency:용인시제8선거구,country:kr/province:41
Q50572402,고양시제4선거구,country:kr/province:41/flacs-constituency:고양시제4선거구,country:kr/province:41
Q50572404,용인시제2선거구,country:kr/province:41/flacs-constituency:용인시제2선거구,country:kr/province:41
Q50572405,부천시제1선거구,country:kr/province:41/flacs-constituency:부천시제1선거구,country:kr/province:41
Q50572407,화성시제3선거구,country:kr/province:41/flacs-constituency:화성시제3선거구,country:kr/province:41
Q50572409,수원시제3선거구,country:kr/province:41/flacs-constituency:수원시제3선거구,country:kr/province:41
Q50572410,군포시제1선거구,country:kr/province:41/flacs-constituency:군포시제1선거구,country:kr/province:41
Q50572412,성남시제1선거구,country:kr/province:41/flacs-constituency:성남시제1선거구,country:kr/province:41
Q50572413,안산시제6선거구,country:kr/province:41/flacs-constituency:안산시제6선거구,country:kr/province:41
Q50572414,남양주시제2선거구,country:kr/province:41/flacs-constituency:남양주시제2선거구,country:kr/province:41
Q50572415,의정부시제2선거구,country:kr/province:41/flacs-constituency:의정부시제2선거구,country:kr/province:41
Q50572416,성남시제5선거구,country:kr/province:41/flacs-constituency:성남시제5선거구,country:kr/province:41
Q50572417,시흥시제4선거구,country:kr/province:41/flacs-constituency:시흥시제4선거구,country:kr/province:41
Q50572419,광주시제1선거구,country:kr/province:41/flacs-constituency:광주시제1선거구,country:kr/province:41
Q50572421,평택시제3선거구,country:kr/province:41/flacs-constituency:평택시제3선거구,country:kr/province:41
Q50572422,남양주시제3선거구,country:kr/province:41/flacs-constituency:남양주시제3선거구,country:kr/province:41
Q50572425,파주시제2선거구,country:kr/province:41/flacs-constituency:파주시제2선거구,country:kr/province:41
Q50572426,안양시제6선거구,country:kr/province:41/flacs-constituency:안양시제6선거구,country:kr/province:41
Q50572427,안양시제4선거구,country:kr/province:41/flacs-constituency:안양시제4선거구,country:kr/province:41
Q50572428,가평군선거구,country:kr/province:41/flacs-constituency:가평군선거구,country:kr/province:41
Q50572429,광명시제1선거구,country:kr/province:41/flacs-constituency:광명시제1선거구,country:kr/province:41
Q50572430,용인시제4선거구,country:kr/province:41/flacs-constituency:용인시제4선거구,country:kr/province:41
Q50572431,성남시제8선거구,country:kr/province:41/flacs-constituency:성남시제8선거구,country:kr/province:41
Q50572432,안양시제5선거구,country:kr/province:41/flacs-constituency:안양시제5선거구,country:kr/province:41
Q50572433,화성시제4선거구,country:kr/province:41/flacs-constituency:화성시제4선거구,country:kr/province:41
Q50572434,부천시제5선거구,country:kr/province:41/flacs-constituency:부천시제5선거구,country:kr/province:41
Q50572435,안양시제2선거구,country:kr/province:41/flacs-constituency:안양시제2선거구,country:kr/province:41
Q50572436,고양시제6선거구,country:kr/province:41/flacs-constituency:고양시제6선거구,country:kr/province:41
Q50572437,이천시제2선거구,country:kr/province:41/flacs-constituency:이천시제2선거구,country:kr/province:41
Q50572439,성남시제6선거구,country:kr/province:41/flacs-constituency:성남시제6선거구,country:kr/province:41
Q50572440,고양시제5선거구,country:kr/province:41/flacs-constituency:고양시제5선거구,country:kr/province:41
Q50572441,성남시제7선거구,country:kr/province:41/flacs-constituency:성남시제7선거구,country:kr/province:41
Q50572444,수원시제5선거구,country:kr/province:41/flacs-constituency:수원시제5선거구,country:kr/province:41
Q50572445,김포시제2선거구,country:kr/province:41/flacs-constituency:김포시제2선거구,country:kr/province:41
Q50572446,여주시제1선거구,country:kr/province:41/flacs-constituency:여주시제1선거구,country:kr/province:41
Q50572448,성남시제4선거구,country:kr/province:41/flacs-constituency:성남시제4선거구,country:kr/province:41
Q50572452,용인시제7선거구,country:kr/province:41/flacs-constituency:용인시제7선거구,country:kr/province:41
Q50572453,파주시제4선거구,country:kr/province:41/flacs-constituency:파주시제4선거구,country:kr/province:41
Q50572454,김포시제3선거구,country:kr/province:41/flacs-constituency:김포시제3선거구,country:kr/province:41
Q50572455,용인시제6선거구,country:kr/province:41/flacs-constituency:용인시제6선거구,country:kr/province:41
Q50572456,안성시제1선거구,country:kr/province:41/flacs-constituency:안성시제1선거구,country:kr/province:41
Q50572457,부천시제8선거구,country:kr/province:41/flacs-constituency:부천시제8선거구,country:kr/province:41
Q50572459,용인시제1선거구,country:kr/province:41/flacs-constituency:용인시제1선거구,country:kr/province:41
Q50572460,용인시제5선거구,country:kr/province:41/flacs-constituency:용인시제5선거구,country:kr/province:41
Q50572461,성남시제2선거구,country:kr/province:41/flacs-constituency:성남시제2선거구,country:kr/province:41
Q50572463,과천시선거구,country:kr/province:41/flacs-constituency:과천시선거구,country:kr/province:41
Q50572464,고양시제2선거구,country:kr/province:41/flacs-constituency:고양시제2선거구,country:kr/province:41
Q50572466,양평군제2선거구,country:kr/province:41/flacs-constituency:양평군제2선거구,country:kr/province:41
Q50572467,안산시제7선거구,country:kr/province:41/flacs-constituency:안산시제7선거구,country:kr/province:41
Q50572468,고양시제8선거구,country:kr/province:41/flacs-constituency:고양시제8선거구,country:kr/province:41
Q50572470,파주시제1선거구,country:kr/province:41/flacs-constituency:파주시제1선거구,country:kr/province:41
Q50572471,광주시제2선거구,country:kr/province:41/flacs-constituency:광주시제2선거구,country:kr/province:41
Q50572472,안양시제3선거구,country:kr/province:41/flacs-constituency:안양시제3선거구,country:kr/province:41
Q50572473,포천시제1선거구,country:kr/province:41/flacs-constituency:포천시제1선거구,country:kr/province:41
Q50572474,남양주시제4선거구,country:kr/province:41/flacs-constituency:남양주시제4선거구,country:kr/province:41
Q50572475,오산시제2선거구,country:kr/province:41/flacs-constituency:오산시제2선거구,country:kr/province:41
Q50572476,남양주시제1선거구,country:kr/province:41/flacs-constituency:남양주시제1선거구,country:kr/province:41
Q50572477,포천시제2선거구,country:kr/province:41/flacs-constituency:포천시제2선거구,country:kr/province:41
Q50572479,수원시제1선거구,country:kr/province:41/flacs-constituency:수원시제1선거구,country:kr/province:41
Q50572480,구리시제1선거구,country:kr/province:41/flacs-constituency:구리시제1선거구,country:kr/province:41
Q50572483,안산시제1선거구,country:kr/province:41/flacs-constituency:안산시제1선거구,country:kr/province:41
Q50572484,수원시제2선거구,country:kr/province:41/flacs-constituency:수원시제2선거구,country:kr/province:41
Q50572485,화성시제1선거구,country:kr/province:41/flacs-constituency:화성시제1선거구,country:kr/province:41
Q50572486,의정부시제1선거구,country:kr/province:41/flacs-constituency:의정부시제1선거구,country:kr/province:41
Q50572487,부천시제3선거구,country:kr/province:41/flacs-constituency:부천시제3선거구,country:kr/province:41
Q50572488,연천군선거구,country:kr/province:41/flacs-constituency:연천군선거구,country:kr/province:41
Q50572489,부천시제7선거구,country:kr/province:41/flacs-constituency:부천시제7선거구,country:kr/province:41
Q50572490,안산시제8선거구,country:kr/province:41/flacs-constituency:안산시제8선거구,country:kr/province:41
Q50572491,파주시제3선거구,country:kr/province:41/flacs-constituency:파주시제3선거구,country:kr/province:41
Q50572493,구리시제2선거구,country:kr/province:41/flacs-constituency:구리시제2선거구,country:kr/province:41
Q50572495,하남시제1선거구,country:kr/province:41/flacs-constituency:하남시제1선거구,country:kr/province:41
Q50572496,오산시제1선거구,country:kr/province:41/flacs-constituency:오산시제1선거구,country:kr/province:41
Q50572497,고양시제7선거구,country:kr/province:41/flacs-constituency:고양시제7선거구,country:kr/province:41
Q50572498,안성시제2선거구,country:kr/province:41/flacs-constituency:안성시제2선거구,country:kr/province:41
Q50572501,동두천시제2선거구,country:kr/province:41/flacs-constituency:동두천시제2선거구,country:kr/province:41
Q50572503,안산시제5선거구,country:kr/province:41/flacs-constituency:안산시제5선거구,country:kr/province:41
Q50572505,하남시제2선거구,country:kr/province:41/flacs-constituency:하남시제2선거구,country:kr/province:41
Q50572506,성남시제3선거구,country:kr/province:41/flacs-constituency:성남시제3선거구,country:kr/province:41
Q50572507,고양시제1선거구,country:kr/province:41/flacs-constituency:고양시제1선거구,country:kr/province:41
Q50572509,수원시제8선거구,country:kr/province:41/flacs-constituency:수원시제8선거구,country:kr/province:41
Q50572513,수원시제9선거구,country:kr/province:41/flacs-constituency:수원시제9선거구,country:kr/province:41
Q50572517,의왕시제1선거구,country:kr/province:41/flacs-constituency:의왕시제1선거구,country:kr/province:41
Q50572520,양평군제1선거구,country:kr/province:41/flacs-constituency:양평군제1선거구,country:kr/province:41
Q50572521,시흥시제2선거구,country:kr/province:41/flacs-constituency:시흥시제2선거구,country:kr/province:41
Q50572524,광명시제2선거구,country:kr/province:41/flacs-constituency:광명시제2선거구,country:kr/province:41
Q50572526,화성시제2선거구,country:kr/province:41/flacs-constituency:화성시제2선거구,country:kr/province:41
Q50572531,양주시제2선거구,country:kr/province:41/flacs-constituency:양주시제2선거구,country:kr/province:41
Q50572533,시흥시제3선거구,country:kr/province:41/flacs-constituency:시흥시제3선거구,country:kr/province:41
Q50572535,평택시제2선거구,country:kr/province:41/flacs-constituency:평택시제2선거구,country:kr/province:41
Q50572538,광명시제4선거구,country:kr/province:41/flacs-constituency:광명시제4선거구,country:kr/province:41
Q50572541,평택시제4선거구,country:kr/province:41/flacs-constituency:평택시제4선거구,country:kr/province:41
Q50572542,수원시제6선거구,country:kr/province:41/flacs-constituency:수원시제6선거구,country:kr/province:41
Q50572545,평택시제1선거구,country:kr/province:41/flacs-constituency:평택시제1선거구,country:kr/province:41
Q50572547,김포시제1선거구,country:kr/province:41/flacs-constituency:김포시제1선거구,country:kr/province:41
Q50572551,동두천시제1선거구,country:kr/province:41/flacs-constituency:동두천시제1선거구,country:kr/province:41
Q50572552,수원시제7선거구,country:kr/province:41/flacs-constituency:수원시제7선거구,country:kr/province:41
Q50572555,부천시제2선거구,country:kr/province:41/flacs-constituency:부천시제2선거구,country:kr/province:41
Q50572557,이천시제1선거구,country:kr/province:41/flacs-constituency:이천시제1선거구,country:kr/province:41
Q50572566,의정부시제4선거구,country:kr/province:41/flacs-constituency:의정부시제4선거구,country:kr/province:41
Q50572569,안산시제2선거구,country:kr/province:41/flacs-constituency:안산시제2선거구,country:kr/province:41
Q50572572,용인시제3선거구,country:kr/province:41/flacs-constituency:용인시제3선거구,country:kr/province:41
Q50572576,광명시제3선거구,country:kr/province:41/flacs-constituency:광명시제3선거구,country:kr/province:41
Q50572579,부천시제4선거구,country:kr/province:41/flacs-constituency:부천시제4선거구,country:kr/province:41
Q50572581,고양시제3선거구,country:kr/province:41/flacs-constituency:고양시제3선거구,country:kr/province:41
Q50572583,시흥시제1선거구,country:kr/province:41/flacs-constituency:시흥시제1선거구,country:kr/province:41
Q50572585,양주시제1선거구,country:kr/province:41/flacs-constituency:양주시제1선거구,country:kr/province:41
Q50572587,의왕시제2선거구,country:kr/province:41/flacs-constituency:의왕시제2선거구,country:kr/province:41
Q50572589,안양시제1선거구,country:kr/province:41/flacs-constituency:안양시제1선거구,country:kr/province:41
Q50572593,군포시제2선거구,country:kr/province:41/flacs-constituency:군포시제2선거구,country:kr/province:41
Q50572600,남양주시제5선거구,country:kr/province:41/flacs-constituency:남양주시제5선거구,country:kr/province:41
Q50572601,수원시제4선거구,country:kr/province:41/flacs-constituency:수원시제4선거구,country:kr/province:41
Q50572602,부천시제6선거구,country:kr/province:41/flacs-constituency:부천시제6선거구,country:kr/province:41
Q50572603,여주시제2선거구,country:kr/province:41/flacs-constituency:여주시제2선거구,country:kr/province:41
Q50572606,안산시제4선거구,country:kr/province:41/flacs-constituency:안산시제4선거구,country:kr/province:41
Q50572610,안산시제3선거구,country:kr/province:41/flacs-constituency:안산시제3선거구,country:kr/province:41
Q50572611,의정부시제3선거구,country:kr/province:41/flacs-constituency:의정부시제3선거구,country:kr/province:41
Q50572614,계양구제4선거구,country:kr/met-city:28/flacs-constituency:계양구제4선거구,country:kr/met-city:28
Q50572616,부평구제4선거구,country:kr/met-city:28/flacs-constituency:부평구제4선거구,country:kr/met-city:28
Q50572618,동구제2선거구,country:kr/met-city:28/flacs-constituency:동구제2선거구,country:kr/met-city:28
Q50572625,중구제1선거구,country:kr/met-city:28/flacs-constituency:중구제1선거구,country:kr/met-city:28
Q50572626,남동구제5선거구,country:kr/met-city:28/flacs-constituency:남동구제5선거구,country:kr/met-city:28
Q50572628,부평구제2선거구,country:kr/met-city:28/flacs-constituency:부평구제2선거구,country:kr/met-city:28
Q50572629,계양구제1선거구,country:kr/met-city:28/flacs-constituency:계양구제1선거구,country:kr/met-city:28
Q50572630,남구제4선거구,country:kr/met-city:28/flacs-constituency:남구제4선거구,country:kr/met-city:28
Q50572631,부평구제5선거구,country:kr/met-city:28/flacs-constituency:부평구제5선거구,country:kr/met-city:28
Q50572632,서구제3선거구,country:kr/met-city:28/flacs-constituency:서구제3선거구,country:kr/met-city:28
Q50572633,남동구제2선거구,country:kr/met-city:28/flacs-constituency:남동구제2선거구,country:kr/met-city:28
Q50572636,연수구제2선거구,country:kr/met-city:28/flacs-constituency:연수구제2선거구,country:kr/met-city:28
Q50572639,동구제1선거구,country:kr/met-city:28/flacs-constituency:동구제1선거구,country:kr/met-city:28
Q50572641,강화군선거구,country:kr/met-city:28/flacs-constituency:강화군선거구,country:kr/met-city:28
Q50572644,남구제3선거구,country:kr/met-city:28/flacs-constituency:남구제3선거구,country:kr/met-city:28
Q50572648,연수구제1선거구,country:kr/met-city:28/flacs-constituency:연수구제1선거구,country:kr/met-city:28
Q50572652,옹진군선거구,country:kr/met-city:28/flacs-constituency:옹진군선거구,country:kr/met-city:28
Q50572660,남동구제1선거구,country:kr/met-city:28/flacs-constituency:남동구제1선거구,country:kr/met-city:28
Q50572661,남구제1선거구,country:kr/met-city:28/flacs-constituency:남구제1선거구,country:kr/met-city:28
Q50572662,남동구제3선거구,country:kr/met-city:28/flacs-constituency:남동구제3선거구,country:kr/met-city:28
Q50572664,중구제2선거구,country:kr/met-city:28/flacs-constituency:중구제2선거구,country:kr/met-city:28
Q50572665,부평구제1선거구,country:kr/met-city:28/flacs-constituency:부평구제1선거구,country:kr/met-city:28
Q50572666,부평구제3선거구,country:kr/met-city:28/flacs-constituency:부평구제3선거구,country:kr/met-city:28
Q50572667,서구제2선거구,country:kr/met-city:28/flacs-constituency:서구제2선거구,country:kr/met-city:28
Q50572668,서구제4선거구,country:kr/met-city:28/flacs-constituency:서구제4선거구,country:kr/met-city:28
Q50572669,서구제1선거구,country:kr/met-city:28/flacs-constituency:서구제1선거구,country:kr/met-city:28
Q50572670,계양구제2선거구,country:kr/met-city:28/flacs-constituency:계양구제2선거구,country:kr/met-city:28
Q50572671,남동구제4선거구,country:kr/met-city:28/flacs-constituency:남동구제4선거구,country:kr/met-city:28
Q50572674,연수구제3선거구,country:kr/met-city:28/flacs-constituency:연수구제3선거구,country:kr/met-city:28
Q50572676,계양구제3선거구,country:kr/met-city:28/flacs-constituency:계양구제3선거구,country:kr/met-city:28
Q50572678,남구제2선거구,country:kr/met-city:28/flacs-constituency:남구제2선거구,country:kr/met-city:28
Q50572681,동구제2선거구,country:kr/met-city:31/flacs-constituency:동구제2선거구,country:kr/met-city:31
Q50572688,남구제1선거구,country:kr/met-city:31/flacs-constituency:남구제1선거구,country:kr/met-city:31
Q50572689,북구제1선거구,country:kr/met-city:31/flacs-constituency:북구제1선거구,country:kr/met-city:31
Q50572690,남구제5선거구,country:kr/met-city:31/flacs-constituency:남구제5선거구,country:kr/met-city:31
Q50572691,중구제1선거구,country:kr/met-city:31/flacs-constituency:중구제1선거구,country:kr/met-city:31
Q50572692,북구제3선거구,country:kr/met-city:31/flacs-constituency:북구제3선거구,country:kr/met-city:31
Q50572694,중구제3선거구,country:kr/met-city:31/flacs-constituency:중구제3선거구,country:kr/met-city:31
Q50572695,중구제4선거구,country:kr/met-city:31/flacs-constituency:중구제4선거구,country:kr/met-city:31
Q50572696,남구제6선거구,country:kr/met-city:31/flacs-constituency:남구제6선거구,country:kr/met-city:31
Q50572698,동구제3선거구,country:kr/met-city:31/flacs-constituency:동구제3선거구,country:kr/met-city:31
Q50572700,울주군제2선거구,country:kr/met-city:31/flacs-constituency:울주군제2선거구,country:kr/met-city:31
Q50572701,남구제3선거구,country:kr/met-city:31/flacs-constituency:남구제3선거구,country:kr/met-city:31
Q50572707,동구제1선거구,country:kr/met-city:31/flacs-constituency:동구제1선거구,country:kr/met-city:31
Q50572709,울주군제3선거구,country:kr/met-city:31/flacs-constituency:울주군제3선거구,country:kr/met-city:31
Q50572710,남구제4선거구,country:kr/met-city:31/flacs-constituency:남구제4선거구,country:kr/met-city:31
Q50572711,북구제2선거구,country:kr/met-city:31/flacs-constituency:북구제2선거구,country:kr/met-city:31
Q50572712,울주군제1선거구,country:kr/met-city:31/flacs-constituency:울주군제1선거구,country:kr/met-city:31
Q50572714,남구제2선거구,country:kr/met-city:31/flacs-constituency:남구제2선거구,country:kr/met-city:31
Q50572715,중구제2선거구,country:kr/met-city:31/flacs-constituency:중구제2선거구,country:kr/met-city:31
Q50572716,경산시제4선거구,country:kr/province:47/flacs-constituency:경산시제4선거구,country:kr/province:47
Q50572721,예천군제1선거구,country:kr/province:47/flacs-constituency:예천군제1선거구,country:kr/province:47
Q50572723,포항시제7선거구,country:kr/province:47/flacs-constituency:포항시제7선거구,country:kr/province:47
Q50572726,안동시제2선거구,country:kr/province:47/flacs-constituency:안동시제2선거구,country:kr/province:47
Q50572728,청송군선거구,country:kr/province:47/flacs-constituency:청송군선거구,country:kr/province:47
Q50572731,문경시제1선거구,country:kr/province:47/flacs-constituency:문경시제1선거구,country:kr/province:47
Q50572735,영양군선거구,country:kr/province:47/flacs-constituency:영양군선거구,country:kr/province:47
Q50572736,봉화군선거구,country:kr/province:47/flacs-constituency:봉화군선거구,country:kr/province:47
Q50572738,포항시제5선거구,country:kr/province:47/flacs-constituency:포항시제5선거구,country:kr/province:47
Q50572739,구미시제6선거구,country:kr/province:47/flacs-constituency:구미시제6선거구,country:kr/province:47
Q50572740,포항시제3선거구,country:kr/province:47/flacs-constituency:포항시제3선거구,country:kr/province:47
Q50572741,칠곡군제1선거구,country:kr/province:47/flacs-constituency:칠곡군제1선거구,country:kr/province:47
Q50572743,경산시제1선거구,country:kr/province:47/flacs-constituency:경산시제1선거구,country:kr/province:47
Q50572744,문경시제2선거구,country:kr/province:47/flacs-constituency:문경시제2선거구,country:kr/province:47
Q50572746,경주시제2선거구,country:kr/province:47/flacs-constituency:경주시제2선거구,country:kr/province:47
Q50572747,영주시제1선거구,country:kr/province:47/flacs-constituency:영주시제1선거구,country:kr/province:47
Q50572748,포항시제1선거구,country:kr/province:47/flacs-constituency:포항시제1선거구,country:kr/province:47
Q50572751,포항시제4선거구,country:kr/province:47/flacs-constituency:포항시제4선거구,country:kr/province:47
Q50572753,경주시제3선거구,country:kr/province:47/flacs-constituency:경주시제3선거구,country:kr/province:47
Q50572757,경주시제4선거구,country:kr/province:47/flacs-constituency:경주시제4선거구,country:kr/province:47
Q50572758,군위군선거구,country:kr/province:47/flacs-constituency:군위군선거구,country:kr/province:47
Q50572759,구미시제1선거구,country:kr/province:47/flacs-constituency:구미시제1선거구,country:kr/province:47
Q50572760,구미시제5선거구,country:kr/province:47/flacs-constituency:구미시제5선거구,country:kr/province:47
Q50572763,포항시제2선거구,country:kr/province:47/flacs-constituency:포항시제2선거구,country:kr/province:47
Q50572769,상주시제2선거구,country:kr/province:47/flacs-constituency:상주시제2선거구,country:kr/province:47
Q50572770,고령군선거구,country:kr/province:47/flacs-constituency:고령군선거구,country:kr/province:47
Q50572771,구미시제3선거구,country:kr/province:47/flacs-constituency:구미시제3선거구,country:kr/province:47
Q50572774,구미시제4선거구,country:kr/province:47/flacs-constituency:구미시제4선거구,country:kr/province:47
Q50572776,칠곡군제2선거구,country:kr/province:47/flacs-constituency:칠곡군제2선거구,country:kr/province:47
Q50572777,청도군제2선거구,country:kr/province:47/flacs-constituency:청도군제2선거구,country:kr/province:47
Q50572778,안동시제3선거구,country:kr/province:47/flacs-constituency:안동시제3선거구,country:kr/province:47
Q50572782,포항시제8선거구,country:kr/province:47/flacs-constituency:포항시제8선거구,country:kr/province:47
Q50572785,구미시제2선거구,country:kr/province:47/flacs-constituency:구미시제2선거구,country:kr/province:47
Q50572788,영천시제1선거구,country:kr/province:47/flacs-constituency:영천시제1선거구,country:kr/province:47
Q50572789,영덕군선거구,country:kr/province:47/flacs-constituency:영덕군선거구,country:kr/province:47
Q50572791,예천군제2선거구,country:kr/province:47/flacs-constituency:예천군제2선거구,country:kr/province:47
Q50572792,경산시제3선거구,country:kr/province:47/flacs-constituency:경산시제3선거구,country:kr/province:47
Q50572793,경산시제2선거구,country:kr/province:47/flacs-constituency:경산시제2선거구,country:kr/province:47
Q50572794,상주시제1선거구,country:kr/province:47/flacs-constituency:상주시제1선거구,country:kr/province:47
Q50572796,영주시제2선거구,country:kr/province:47/flacs-constituency:영주시제2선거구,country:kr/province:47
Q50572797,포항시제6선거구,country:kr/province:47/flacs-constituency:포항시제6선거구,country:kr/province:47
Q50572799,청도군제1선거구,country:kr/province:47/flacs-constituency:청도군제1선거구,country:kr/province:47
Q50572800,울진군제1선거구,country:kr/province:47/flacs-constituency:울진군제1선거구,country:kr/province:47
Q50572801,울릉군선거구,country:kr/province:47/flacs-constituency:울릉군선거구,country:kr/province:47
Q50572802,의성군제1선거구,country:kr/province:47/flacs-constituency:의성군제1선거구,country:kr/province:47
Q50572804,영천시제2선거구,country:kr/province:47/flacs-constituency:영천시제2선거구,country:kr/province:47
Q50572806,김천시제1선거구,country:kr/province:47/flacs-constituency:김천시제1선거구,country:kr/province:47
Q50572808,울진군제2선거구,country:kr/province:47/flacs-constituency:울진군제2선거구,country:kr/province:47
Q50572809,경주시제1선거구,country:kr/province:47/flacs-constituency:경주시제1선거구,country:kr/province:47
Q50572811,안동시제1선거구,country:kr/province:47/flacs-constituency:안동시제1선거구,country:kr/province:47
Q50572812,의성군제2선거구,country:kr/province:47/flacs-constituency:의성군제2선거구,country:kr/province:47
Q50572815,성주군제1선거구,country:kr/province:47/flacs-constituency:성주군제1선거구,country:kr/province:47
Q50572816,김천시제2선거구,country:kr/province:47/flacs-constituency:김천시제2선거구,country:kr/province:47
Q50572817,성주군제2선거구,country:kr/province:47/flacs-constituency:성주군제2선거구,country:kr/province:47
Q50572819,제주특별자치도제13선거구,country:kr/ssg-province:49/flacs-constituency:제주특별자치도제13선거구,country:kr/ssg-province:49
Q50572820,제주특별자치도제19선거구,country:kr/ssg-province:49/flacs-constituency:제주특별자치도제19선거구,country:kr/ssg-province:49
Q50572822,제주특별자치도제26선거구,country:kr/ssg-province:49/flacs-constituency:제주특별자치도제26선거구,country:kr/ssg-province:49
Q50572823,제주특별자치도제1선거구,country:kr/ssg-province:49/flacs-constituency:제주특별자치도제1선거구,country:kr/ssg-province:49
Q50572824,제주특별자치도제28선거구,country:kr/ssg-province:49/flacs-constituency:제주특별자치도제28선거구,country:kr/ssg-province:49
Q50572826,제주특별자치도제20선거구,country:kr/ssg-province:49/flacs-constituency:제주특별자치도제20선거구,country:kr/ssg-province:49
Q50572829,제주특별자치도제6선거구,country:kr/ssg-province:49/flacs-constituency:제주특별자치도제6선거구,country:kr/ssg-province:49
Q50572831,제주특별자치도제21선거구,country:kr/ssg-province:49/flacs-constituency:제주특별자치도제21선거구,country:kr/ssg-province:49
Q50572832,제주특별자치도제9선거구,country:kr/ssg-province:49/flacs-constituency:제주특별자치도제9선거구,country:kr/ssg-province:49
Q50572833,제주특별자치도제10선거구,country:kr/ssg-province:49/flacs-constituency:제주특별자치도제10선거구,country:kr/ssg-province:49
Q50572835,제주특별자치도제29선거구,country:kr/ssg-province:49/flacs-constituency:제주특별자치도제29선거구,country:kr/ssg-province:49
Q50572836,제주특별자치도제12선거구,country:kr/ssg-province:49/flacs-constituency:제주특별자치도제12선거구,country:kr/ssg-province:49
Q50572837,제주특별자치도제18선거구,country:kr/ssg-province:49/flacs-constituency:제주특별자치도제18선거구,country:kr/ssg-province:49
Q50572839,제주특별자치도제23선거구,country:kr/ssg-province:49/flacs-constituency:제주특별자치도제23선거구,country:kr/ssg-province:49
Q50572840,제주특별자치도제5선거구,country:kr/ssg-province:49/flacs-constituency:제주특별자치도제5선거구,country:kr/ssg-province:49
Q50572842,제주특별자치도제15선거구,country:kr/ssg-province:49/flacs-constituency:제주특별자치도제15선거구,country:kr/ssg-province:49
Q50572843,제주특별자치도제2선거구,country:kr/ssg-province:49/flacs-constituency:제주특별자치도제2선거구,country:kr/ssg-province:49
Q50572845,제주특별자치도제8선거구,country:kr/ssg-province:49/flacs-constituency:제주특별자치도제8선거구,country:kr/ssg-province:49
Q50572851,제주특별자치도제14선거구,country:kr/ssg-province:49/flacs-constituency:제주특별자치도제14선거구,country:kr/ssg-province:49
Q50572862,제주특별자치도제17선거구,country:kr/ssg-province:49/flacs-constituency:제주특별자치도제17선거구,country:kr/ssg-province:49
Q50572868,제주특별자치도제22선거구,country:kr/ssg-province:49/flacs-constituency:제주특별자치도제22선거구,country:kr/ssg-province:49
Q50572870,제주특별자치도제24선거구,country:kr/ssg-province:49/flacs-constituency:제주특별자치도제24선거구,country:kr/ssg-province:49
Q50572871,제주특별자치도제3선거구,country:kr/ssg-province:49/flacs-constituency:제주특별자치도제3선거구,country:kr/ssg-province:49
Q50572872,제주특별자치도제16선거구,country:kr/ssg-province:49/flacs-constituency:제주특별자치도제16선거구,country:kr/ssg-province:49
Q50572873,제주특별자치도제7선거구,country:kr/ssg-province:49/flacs-constituency:제주특별자치도제7선거구,country:kr/ssg-province:49
Q50572874,제주특별자치도제27선거구,country:kr/ssg-province:49/flacs-constituency:제주특별자치도제27선거구,country:kr/ssg-province:49
Q50572875,제주특별자치도제4선거구,country:kr/ssg-province:49/flacs-constituency:제주특별자치도제4선거구,country:kr/ssg-province:49
Q50572877,제주특별자치도제25선거구,country:kr/ssg-province:49/flacs-constituency:제주특별자치도제25선거구,country:kr/ssg-province:49
Q50572881,제주특별자치도제11선거구,country:kr/ssg-province:49/flacs-constituency:제주특별자치도제11선거구,country:kr/ssg-province:49
Q50572882,동구제2선거구,country:kr/met-city:29/flacs-constituency:동구제2선거구,country:kr/met-city:29
Q50572883,남구제1선거구,country:kr/met-city:29/flacs-constituency:남구제1선거구,country:kr/met-city:29
Q50572885,광산구제3선거구,country:kr/met-city:29/flacs-constituency:광산구제3선거구,country:kr/met-city:29
Q50572889,동구제1선거구,country:kr/met-city:29/flacs-constituency:동구제1선거구,country:kr/met-city:29
Q50572890,광산구제1선거구,country:kr/met-city:29/flacs-constituency:광산구제1선거구,country:kr/met-city:29
Q50572893,남구제3선거구,country:kr/met-city:29/flacs-constituency:남구제3선거구,country:kr/met-city:29
Q50572895,서구제1선거구,country:kr/met-city:29/flacs-constituency:서구제1선거구,country:kr/met-city:29
Q50572896,서구제3선거구,country:kr/met-city:29/flacs-constituency:서구제3선거구,country:kr/met-city:29
Q50572897,서구제4선거구,country:kr/met-city:29/flacs-constituency:서구제4선거구,country:kr/met-city:29
Q50572898,서구제2선거구,country:kr/met-city:29/flacs-constituency:서구제2선거구,country:kr/met-city:29
Q50572899,광산구제2선거구,country:kr/met-city:29/flacs-constituency:광산구제2선거구,country:kr/met-city:29
Q50572901,북구제6선거구,country:kr/met-city:29/flacs-constituency:북구제6선거구,country:kr/met-city:29
Q50572904,남구제2선거구,country:kr/met-city:29/flacs-constituency:남구제2선거구,country:kr/met-city:29
Q50572906,광산구제4선거구,country:kr/met-city:29/flacs-constituency:광산구제4선거구,country:kr/met-city:29
Q50572907,수성구제2선거구,country:kr/met-city:27/flacs-constituency:수성구제2선거구,country:kr/met-city:27
Q50572909,달서구제4선거구,country:kr/met-city:27/flacs-constituency:달서구제4선거구,country:kr/met-city:27
Q50572910,수성구제1선거구,country:kr/met-city:27/flacs-constituency:수성구제1선거구,country:kr/met-city:27
Q50572911,중구제1선거구,country:kr/met-city:27/flacs-constituency:중구제1선거구,country:kr/met-city:27
Q50572913,북구제3선거구,country:kr/met-city:27/flacs-constituency:북구제3선거구,country:kr/met-city:27
Q50572914,수성구제3선거구,country:kr/met-city:27/flacs-constituency:수성구제3선거구,country:kr/met-city:27
Q50572915,수성구제4선거구,country:kr/met-city:27/flacs-constituency:수성구제4선거구,country:kr/met-city:27
Q50572916,달서구제6선거구,country:kr/met-city:27/flacs-constituency:달서구제6선거구,country:kr/met-city:27
Q50572917,동구제1선거구,country:kr/met-city:27/flacs-constituency:동구제1선거구,country:kr/met-city:27
Q50572918,달서구제1선거구,country:kr/met-city:27/flacs-constituency:달서구제1선거구,country:kr/met-city:27
Q50572919,북구제4선거구,country:kr/met-city:27/flacs-constituency:북구제4선거구,country:kr/met-city:27
Q50572922,중구제2선거구,country:kr/met-city:27/flacs-constituency:중구제2선거구,country:kr/met-city:27
Q50572923,동구제2선거구,country:kr/met-city:27/flacs-constituency:동구제2선거구,country:kr/met-city:27
Q50572924,남구제1선거구,country:kr/met-city:27/flacs-constituency:남구제1선거구,country:kr/met-city:27
Q50572925,북구제1선거구,country:kr/met-city:27/flacs-constituency:북구제1선거구,country:kr/met-city:27
Q50572926,달서구제2선거구,country:kr/met-city:27/flacs-constituency:달서구제2선거구,country:kr/met-city:27
Q50572928,서구제2선거구,country:kr/met-city:27/flacs-constituency:서구제2선거구,country:kr/met-city:27
Q50572929,달서구제3선거구,country:kr/met-city:27/flacs-constituency:달서구제3선거구,country:kr/met-city:27
Q50572930,북구제5선거구,country:kr/met-city:27/flacs-constituency:북구제5선거구,country:kr/met-city:27
Q50572931,동구제4선거구,country:kr/met-city:27/flacs-constituency:동구제4선거구,country:kr/met-city:27
Q50572932,서구제1선거구,country:kr/met-city:27/flacs-constituency:서구제1선거구,country:kr/met-city:27
Q50572933,달성군제2선거구,country:kr/met-city:27/flacs-constituency:달성군제2선거구,country:kr/met-city:27
Q50572934,달서구제5선거구,country:kr/met-city:27/flacs-constituency:달서구제5선거구,country:kr/met-city:27
Q50572935,달성군제1선거구,country:kr/met-city:27/flacs-constituency:달성군제1선거구,country:kr/met-city:27
Q50572937,북구제2선거구,country:kr/met-city:27/flacs-constituency:북구제2선거구,country:kr/met-city:27
Q50572938,동구제3선거구,country:kr/met-city:27/flacs-constituency:동구제3선거구,country:kr/met-city:27
Q50572939,남구제2선거구,country:kr/met-city:27/flacs-constituency:남구제2선거구,country:kr/met-city:27
Q50572940,횡성군제2선거구,country:kr/province:42/flacs-constituency:횡성군제2선거구,country:kr/province:42
Q50572941,평창군제2선거구,country:kr/province:42/flacs-constituency:평창군제2선거구,country:kr/province:42
Q50572942,춘천시제4선거구,country:kr/province:42/flacs-constituency:춘천시제4선거구,country:kr/province:42
Q50572946,평창군제1선거구,country:kr/province:42/flacs-constituency:평창군제1선거구,country:kr/province:42
Q50572947,동해시제2선거구,country:kr/province:42/flacs-constituency:동해시제2선거구,country:kr/province:42
Q50572948,강릉시제3선거구,country:kr/province:42/flacs-constituency:강릉시제3선거구,country:kr/province:42
Q50572949,강릉시제1선거구,country:kr/province:42/flacs-constituency:강릉시제1선거구,country:kr/province:42
Q50572950,원주시제5선거구,country:kr/province:42/flacs-constituency:원주시제5선거구,country:kr/province:42
Q50572951,원주시제4선거구,country:kr/province:42/flacs-constituency:원주시제4선거구,country:kr/province:42
Q50572952,홍천군제1선거구,country:kr/province:42/flacs-constituency:홍천군제1선거구,country:kr/province:42
Q50572955,원주시제3선거구,country:kr/province:42/flacs-constituency:원주시제3선거구,country:kr/province:42
Q50572956,원주시제2선거구,country:kr/province:42/flacs-constituency:원주시제2선거구,country:kr/province:42
Q50572957,태백시제1선거구,country:kr/province:42/flacs-constituency:태백시제1선거구,country:kr/province:42
Q50572958,양구군선거구,country:kr/province:42/flacs-constituency:양구군선거구,country:kr/province:42
Q50572959,철원군제2선거구,country:kr/province:42/flacs-constituency:철원군제2선거구,country:kr/province:42
Q50572961,고성군선거구,country:kr/province:42/flacs-constituency:고성군선거구,country:kr/province:42
Q50572962,태백시제2선거구,country:kr/province:42/flacs-constituency:태백시제2선거구,country:kr/province:42
Q50572964,정선군제2선거구,country:kr/province:42/flacs-constituency:정선군제2선거구,country:kr/province:42
Q50572965,속초시제1선거구,country:kr/province:42/flacs-constituency:속초시제1선거구,country:kr/province:42
Q50572966,삼척시제1선거구,country:kr/province:42/flacs-constituency:삼척시제1선거구,country:kr/province:42
Q50572967,속초시제2선거구,country:kr/province:42/flacs-constituency:속초시제2선거구,country:kr/province:42
Q50572968,춘천시제3선거구,country:kr/province:42/flacs-constituency:춘천시제3선거구,country:kr/province:42
Q50572970,강릉시제4선거구,country:kr/province:42/flacs-constituency:강릉시제4선거구,country:kr/province:42
Q50572971,정선군제1선거구,country:kr/province:42/flacs-constituency:정선군제1선거구,country:kr/province:42
Q50572972,춘천시제1선거구,country:kr/province:42/flacs-constituency:춘천시제1선거구,country:kr/province:42
Q50572973,홍천군제2선거구,country:kr/province:42/flacs-constituency:홍천군제2선거구,country:kr/province:42
Q50572974,횡성군제1선거구,country:kr/province:42/flacs-constituency:횡성군제1선거구,country:kr/province:42
Q50572975,화천군선거구,country:kr/province:42/flacs-constituency:화천군선거구,country:kr/province:42
Q50572976,원주시제6선거구,country:kr/province:42/flacs-constituency:원주시제6선거구,country:kr/province:42
Q50572977,삼척시제2선거구,country:kr/province:42/flacs-constituency:삼척시제2선거구,country:kr/province:42
Q50572978,영월군제1선거구,country:kr/province:42/flacs-constituency:영월군제1선거구,country:kr/province:42
Q50572979,영월군제2선거구,country:kr/province:42/flacs-constituency:영월군제2선거구,country:kr/province:42
Q50572981,동해시제1선거구,country:kr/province:42/flacs-constituency:동해시제1선거구,country:kr/province:42
Q50572982,춘천시제5선거구,country:kr/province:42/flacs-constituency:춘천시제5선거구,country:kr/province:42
Q50572983,양양군선거구,country:kr/province:42/flacs-constituency:양양군선거구,country:kr/province:42
Q50572984,원주시제1선거구,country:kr/province:42/flacs-constituency:원주시제1선거구,country:kr/province:42
Q50572985,인제군선거구,country:kr/province:42/flacs-constituency:인제군선거구,country:kr/province:42
Q50572986,철원군제1선거구,country:kr/province:42/flacs-constituency:철원군제1선거구,country:kr/province:42
Q50572987,강릉시제2선거구,country:kr/province:42/flacs-constituency:강릉시제2선거구,country:kr/province:42
Q50572988,춘천시제2선거구,country:kr/province:42/flacs-constituency:춘천시제2선거구,country:kr/province:42
Q50572989,청양군선거구,country:kr/province:44/flacs-constituency:청양군선거구,country:kr/province:44
Q50572991,천안시제2선거구,country:kr/province:44/flacs-constituency:천안시제2선거구,country:kr/province:44
Q50572992,천안시제5선거구,country:kr/province:44/flacs-constituency:천안시제5선거구,country:kr/province:44
Q50572994,서산시제2선거구,country:kr/province:44/flacs-constituency:서산시제2선거구,country:kr/province:44
Q50572995,천안시제4선거구,country:kr/province:44/flacs-constituency:천안시제4선거구,country:kr/province:44
Q50572996,서천군제1선거구,country:kr/province:44/flacs-constituency:서천군제1선거구,country:kr/province:44
Q50572997,천안시제6선거구,country:kr/province:44/flacs-constituency:천안시제6선거구,country:kr/province:44
Q50572998,예산군제2선거구,country:kr/province:44/flacs-constituency:예산군제2선거구,country:kr/province:44
Q50572999,계룡시선거구,country:kr/province:44/flacs-constituency:계룡시선거구,country:kr/province:44
Q50573000,부여군제1선거구,country:kr/province:44/flacs-constituency:부여군제1선거구,country:kr/province:44
Q50573002,금산군제2선거구,country:kr/province:44/flacs-constituency:금산군제2선거구,country:kr/province:44
Q50573003,천안시제7선거구,country:kr/province:44/flacs-constituency:천안시제7선거구,country:kr/province:44
Q50573004,보령시제2선거구,country:kr/province:44/flacs-constituency:보령시제2선거구,country:kr/province:44
Q50573006,공주시제2선거구,country:kr/province:44/flacs-constituency:공주시제2선거구,country:kr/province:44
Q50573007,부여군제2선거구,country:kr/province:44/flacs-constituency:부여군제2선거구,country:kr/province:44
Q50573008,천안시제8선거구,country:kr/province:44/flacs-constituency:천안시제8선거구,country:kr/province:44
Q50573009,태안군제1선거구,country:kr/province:44/flacs-constituency:태안군제1선거구,country:kr/province:44
Q50573010,공주시제1선거구,country:kr/province:44/flacs-constituency:공주시제1선거구,country:kr/province:44
Q50573014,아산시제3선거구,country:kr/province:44/flacs-constituency:아산시제3선거구,country:kr/province:44
Q50573017,아산시제4선거구,country:kr/province:44/flacs-constituency:아산시제4선거구,country:kr/province:44
Q50573020,홍성군제1선거구,country:kr/province:44/flacs-constituency:홍성군제1선거구,country:kr/province:44
Q50573022,보령시제1선거구,country:kr/province:44/flacs-constituency:보령시제1선거구,country:kr/province:44
Q50573024,천안시제1선거구,country:kr/province:44/flacs-constituency:천안시제1선거구,country:kr/province:44
Q50573025,아산시제1선거구,country:kr/province:44/flacs-constituency:아산시제1선거구,country:kr/province:44
Q50573026,논산시제1선거구,country:kr/province:44/flacs-constituency:논산시제1선거구,country:kr/province:44
Q50573027,당진시제1선거구,country:kr/province:44/flacs-constituency:당진시제1선거구,country:kr/province:44
Q50573028,천안시제3선거구,country:kr/province:44/flacs-constituency:천안시제3선거구,country:kr/province:44
Q50573029,예산군제1선거구,country:kr/province:44/flacs-constituency:예산군제1선거구,country:kr/province:44
Q50573030,당진시제2선거구,country:kr/province:44/flacs-constituency:당진시제2선거구,country:kr/province:44
Q50573031,서천군제2선거구,country:kr/province:44/flacs-constituency:서천군제2선거구,country:kr/province:44
Q50573032,홍성군제2선거구,country:kr/province:44/flacs-constituency:홍성군제2선거구,country:kr/province:44
Q50573033,아산시제2선거구,country:kr/province:44/flacs-constituency:아산시제2선거구,country:kr/province:44
Q50573035,태안군제2선거구,country:kr/province:44/flacs-constituency:태안군제2선거구,country:kr/province:44
Q50573036,서산시제1선거구,country:kr/province:44/flacs-constituency:서산시제1선거구,country:kr/province:44
Q50573037,금산군제1선거구,country:kr/province:44/flacs-constituency:금산군제1선거구,country:kr/province:44
Q50573038,논산시제2선거구,country:kr/province:44/flacs-constituency:논산시제2선거구,country:kr/province:44
Q50573039,함양군선거구,country:kr/province:48/flacs-constituency:함양군선거구,country:kr/province:48
Q50573040,진주시제4선거구,country:kr/province:48/flacs-constituency:진주시제4선거구,country:kr/province:48
Q50573041,밀양시제2선거구,country:kr/province:48/flacs-constituency:밀양시제2선거구,country:kr/province:48
Q50573042,양산시제1선거구,country:kr/province:48/flacs-constituency:양산시제1선거구,country:kr/province:48
Q50573043,통영시제1선거구,country:kr/province:48/flacs-constituency:통영시제1선거구,country:kr/province:48
Q50573044,창원시제5선거구,country:kr/province:48/flacs-constituency:창원시제5선거구,country:kr/province:48
Q50573046,창녕군제1선거구,country:kr/province:48/flacs-constituency:창녕군제1선거구,country:kr/province:48
Q50573048,양산시제3선거구,country:kr/province:48/flacs-constituency:양산시제3선거구,country:kr/province:48
Q50573049,창원시제11선거구,country:kr/province:48/flacs-constituency:창원시제11선거구,country:kr/province:48
Q50573051,김해시제7선거구,country:kr/province:48/flacs-constituency:김해시제7선거구,country:kr/province:48
Q50573052,김해시제3선거구,country:kr/province:48/flacs-constituency:김해시제3선거구,country:kr/province:48
Q50573054,합천군선거구,country:kr/province:48/flacs-constituency:합천군선거구,country:kr/province:48
Q50573055,창원시제10선거구,country:kr/province:48/flacs-constituency:창원시제10선거구,country:kr/province:48
Q50573056,진주시제2선거구,country:kr/province:48/flacs-constituency:진주시제2선거구,country:kr/province:48
Q50573057,창원시제3선거구,country:kr/province:48/flacs-constituency:창원시제3선거구,country:kr/province:48
Q50573058,김해시제5선거구,country:kr/province:48/flacs-constituency:김해시제5선거구,country:kr/province:48
Q50573060,거제시제3선거구,country:kr/province:48/flacs-constituency:거제시제3선거구,country:kr/province:48
Q50573062,창녕군제2선거구,country:kr/province:48/flacs-constituency:창녕군제2선거구,country:kr/province:48
Q50573063,김해시제2선거구,country:kr/province:48/flacs-constituency:김해시제2선거구,country:kr/province:48
Q50573065,하동군선거구,country:kr/province:48/flacs-constituency:하동군선거구,country:kr/province:48
Q50573067,통영시제2선거구,country:kr/province:48/flacs-constituency:통영시제2선거구,country:kr/province:48
Q50573068,김해시제1선거구,country:kr/province:48/flacs-constituency:김해시제1선거구,country:kr/province:48
Q50573070,창원시제9선거구,country:kr/province:48/flacs-constituency:창원시제9선거구,country:kr/province:48
Q50573071,산청군선거구,country:kr/province:48/flacs-constituency:산청군선거구,country:kr/province:48
Q50573072,창원시제7선거구,country:kr/province:48/flacs-constituency:창원시제7선거구,country:kr/province:48
Q50573074,거창군제1선거구,country:kr/province:48/flacs-constituency:거창군제1선거구,country:kr/province:48
Q50573075,거제시제1선거구,country:kr/province:48/flacs-constituency:거제시제1선거구,country:kr/province:48
Q50573076,함안군제1선거구,country:kr/province:48/flacs-constituency:함안군제1선거구,country:kr/province:48
Q50573078,사천시제1선거구,country:kr/province:48/flacs-constituency:사천시제1선거구,country:kr/province:48
Q50573080,창원시제4선거구,country:kr/province:48/flacs-constituency:창원시제4선거구,country:kr/province:48
Q50573082,창원시제6선거구,country:kr/province:48/flacs-constituency:창원시제6선거구,country:kr/province:48
Q50573083,함안군제2선거구,country:kr/province:48/flacs-constituency:함안군제2선거구,country:kr/province:48
Q50573085,진주시제1선거구,country:kr/province:48/flacs-constituency:진주시제1선거구,country:kr/province:48
Q50573086,남해군선거구,country:kr/province:48/flacs-constituency:남해군선거구,country:kr/province:48
Q50573089,거창군제2선거구,country:kr/province:48/flacs-constituency:거창군제2선거구,country:kr/province:48
Q50573090,창원시제12선거구,country:kr/province:48/flacs-constituency:창원시제12선거구,country:kr/province:48
Q50573091,고성군제2선거구,country:kr/province:48/flacs-constituency:고성군제2선거구,country:kr/province:48
Q50573092,양산시제2선거구,country:kr/province:48/flacs-constituency:양산시제2선거구,country:kr/province:48
Q50573094,창원시제1선거구,country:kr/province:48/flacs-constituency:창원시제1선거구,country:kr/province:48
Q50573108,거제시제2선거구,country:kr/province:48/flacs-constituency:거제시제2선거구,country:kr/province:48
Q50573113,밀양시제1선거구,country:kr/province:48/flacs-constituency:밀양시제1선거구,country:kr/province:48
Q50573115,진주시제3선거구,country:kr/province:48/flacs-constituency:진주시제3선거구,country:kr/province:48
Q50573116,김해시제6선거구,country:kr/province:48/flacs-constituency:김해시제6선거구,country:kr/province:48
Q50573119,창원시제8선거구,country:kr/province:48/flacs-constituency:창원시제8선거구,country:kr/province:48
Q50573120,사천시제2선거구,country:kr/province:48/flacs-constituency:사천시제2선거구,country:kr/province:48
Q50573122,창원시제13선거구,country:kr/province:48/flacs-constituency:창원시제13선거구,country:kr/province:48
Q50573123,고성군제1선거구,country:kr/province:48/flacs-constituency:고성군제1선거구,country:kr/province:48
Q50573124,김해시제4선거구,country:kr/province:48/flacs-constituency:김해시제4선거구,country:kr/province:48
Q50573126,의령군선거구,country:kr/province:48/flacs-constituency:의령군선거구,country:kr/province:48
Q50573127,창원시제2선거구,country:kr/province:48/flacs-constituency:창원시제2선거구,country:kr/province:48
Q50573128,장흥군제1선거구,country:kr/province:46/flacs-constituency:장흥군제1선거구,country:kr/province:46
Q50573129,영광군제1선거구,country:kr/province:46/flacs-constituency:영광군제1선거구,country:kr/province:46
Q50573130,광양시제2선거구,country:kr/province:46/flacs-constituency:광양시제2선거구,country:kr/province:46
Q50573132,장성군제1선거구,country:kr/province:46/flacs-constituency:장성군제1선거구,country:kr/province:46
Q50573133,목포시제1선거구,country:kr/province:46/flacs-constituency:목포시제1선거구,country:kr/province:46
Q50573135,광양시제3선거구,country:kr/province:46/flacs-constituency:광양시제3선거구,country:kr/province:46
Q50573137,화순군제1선거구,country:kr/province:46/flacs-constituency:화순군제1선거구,country:kr/province:46
Q50573146,목포시제3선거구,country:kr/province:46/flacs-constituency:목포시제3선거구,country:kr/province:46
Q50573149,나주시제2선거구,country:kr/province:46/flacs-constituency:나주시제2선거구,country:kr/province:46
Q50573151,여수시제1선거구,country:kr/province:46/flacs-constituency:여수시제1선거구,country:kr/province:46
Q50573152,장흥군제2선거구,country:kr/province:46/flacs-constituency:장흥군제2선거구,country:kr/province:46
Q50573153,영광군제2선거구,country:kr/province:46/flacs-constituency:영광군제2선거구,country:kr/province:46
Q50573154,신안군제1선거구,country:kr/province:46/flacs-constituency:신안군제1선거구,country:kr/province:46
Q50573155,목포시제5선거구,country:kr/province:46/flacs-constituency:목포시제5선거구,country:kr/province:46
Q50573156,화순군제2선거구,country:kr/province:46/flacs-constituency:화순군제2선거구,country:kr/province:46
Q50573157,여수시제2선거구,country:kr/province:46/flacs-constituency:여수시제2선거구,country:kr/province:46
Q50573158,보성군제2선거구,country:kr/province:46/flacs-constituency:보성군제2선거구,country:kr/province:46
Q50573159,함평군제1선거구,country:kr/province:46/flacs-constituency:함평군제1선거구,country:kr/province:46
Q50573161,순천시제2선거구,country:kr/province:46/flacs-constituency:순천시제2선거구,country:kr/province:46
Q50573162,순천시제3선거구,country:kr/province:46/flacs-constituency:순천시제3선거구,country:kr/province:46
Q50573163,함평군제2선거구,country:kr/province:46/flacs-constituency:함평군제2선거구,country:kr/province:46
Q50573167,곡성군선거구,country:kr/province:46/flacs-constituency:곡성군선거구,country:kr/province:46
Q50573168,목포시제4선거구,country:kr/province:46/flacs-constituency:목포시제4선거구,country:kr/province:46
Q50573172,해남군제2선거구,country:kr/province:46/flacs-constituency:해남군제2선거구,country:kr/province:46
Q50573175,고흥군제1선거구,country:kr/province:46/flacs-constituency:고흥군제1선거구,country:kr/province:46
Q50573178,여수시제4선거구,country:kr/province:46/flacs-constituency:여수시제4선거구,country:kr/province:46
Q50573182,신안군제2선거구,country:kr/province:46/flacs-constituency:신안군제2선거구,country:kr/province:46
Q50573184,무안군제2선거구,country:kr/province:46/flacs-constituency:무안군제2선거구,country:kr/province:46
Q50573185,무안군제1선거구,country:kr/province:46/flacs-constituency:무안군제1선거구,country:kr/province:46
Q50573186,여수시제6선거구,country:kr/province:46/flacs-constituency:여수시제6선거구,country:kr/province:46
Q50573187,진도군선거구,country:kr/province:46/flacs-constituency:진도군선거구,country:kr/province:46
Q50573188,완도군제1선거구,country:kr/province:46/flacs-constituency:완도군제1선거구,country:kr/province:46
Q50573190,구례군선거구,country:kr/province:46/flacs-constituency:구례군선거구,country:kr/province:46
Q50573192,여수시제5선거구,country:kr/province:46/flacs-constituency:여수시제5선거구,country:kr/province:46
Q50573193,담양군제2선거구,country:kr/province:46/flacs-constituency:담양군제2선거구,country:kr/province:46
Q50573194,해남군제1선거구,country:kr/province:46/flacs-constituency:해남군제1선거구,country:kr/province:46
Q50573195,순천시제1선거구,country:kr/province:46/flacs-constituency:순천시제1선거구,country:kr/province:46
Q50573196,순천시제5선거구,country:kr/province:46/flacs-constituency:순천시제5선거구,country:kr/province:46
Q50573197,강진군제1선거구,country:kr/province:46/flacs-constituency:강진군제1선거구,country:kr/province:46
Q50573198,담양군제1선거구,country:kr/province:46/flacs-constituency:담양군제1선거구,country:kr/province:46
Q50573200,영암군제1선거구,country:kr/province:46/flacs-constituency:영암군제1선거구,country:kr/province:46
Q50573201,나주시제1선거구,country:kr/province:46/flacs-constituency:나주시제1선거구,country:kr/province:46
Q50573202,여수시제3선거구,country:kr/province:46/flacs-constituency:여수시제3선거구,country:kr/province:46
Q50573203,강진군제2선거구,country:kr/province:46/flacs-constituency:강진군제2선거구,country:kr/province:46
Q50573205,목포시제2선거구,country:kr/province:46/flacs-constituency:목포시제2선거구,country:kr/province:46
Q50573208,보성군제1선거구,country:kr/province:46/flacs-constituency:보성군제1선거구,country:kr/province:46
Q50573211,영암군제2선거구,country:kr/province:46/flacs-constituency:영암군제2선거구,country:kr/province:46
Q50573216,장성군제2선거구,country:kr/province:46/flacs-constituency:장성군제2선거구,country:kr/province:46
Q50573218,고흥군제2선거구,country:kr/province:46/flacs-constituency:고흥군제2선거구,country:kr/province:46
Q50573221,광양시제1선거구,country:kr/province:46/flacs-constituency:광양시제1선거구,country:kr/province:46
Q50573223,순천시제4선거구,country:kr/province:46/flacs-constituency:순천시제4선거구,country:kr/province:46
Q50573224,완도군제2선거구,country:kr/province:46/flacs-constituency:완도군제2선거구,country:kr/province:46
Q50573225,동구제2선거구,country:kr/met-city:30/flacs-constituency:동구제2선거구,country:kr/met-city:30
Q50573227,중구제1선거구,country:kr/met-city:30/flacs-constituency:중구제1선거구,country:kr/met-city:30
Q50573230,서구제6선거구,country:kr/met-city:30/flacs-constituency:서구제6선거구,country:kr/met-city:30
Q50573233,대덕구제3선거구,country:kr/met-city:30/flacs-constituency:대덕구제3선거구,country:kr/met-city:30
Q50573236,유성구제1선거구,country:kr/met-city:30/flacs-constituency:유성구제1선거구,country:kr/met-city:30
Q50573239,유성구제2선거구,country:kr/met-city:30/flacs-constituency:유성구제2선거구,country:kr/met-city:30
Q50573243,서구제2선거구,country:kr/met-city:30/flacs-constituency:서구제2선거구,country:kr/met-city:30
Q50573246,대덕구제2선거구,country:kr/met-city:30/flacs-constituency:대덕구제2선거구,country:kr/met-city:30
Q50573249,동구제1선거구,country:kr/met-city:30/flacs-constituency:동구제1선거구,country:kr/met-city:30
Q50573252,중구제3선거구,country:kr/met-city:30/flacs-constituency:중구제3선거구,country:kr/met-city:30
Q50573255,동구제3선거구,country:kr/met-city:30/flacs-constituency:동구제3선거구,country:kr/met-city:30
Q50573259,서구제1선거구,country:kr/met-city:30/flacs-constituency:서구제1선거구,country:kr/met-city:30
Q50573262,서구제3선거구,country:kr/met-city:30/flacs-constituency:서구제3선거구,country:kr/met-city:30
Q50573265,대덕구제1선거구,country:kr/met-city:30/flacs-constituency:대덕구제1선거구,country:kr/met-city:30
Q50573269,유성구제3선거구,country:kr/met-city:30/flacs-constituency:유성구제3선거구,country:kr/met-city:30
Q50573272,유성구제4선거구,country:kr/met-city:30/flacs-constituency:유성구제4선거구,country:kr/met-city:30
Q50573274,서구제5선거구,country:kr/met-city:30/flacs-constituency:서구제5선거구,country:kr/met-city:30
Q50573277,서구제4선거구,country:kr/met-city:30/flacs-constituency:서구제4선거구,country:kr/met-city:30
Q50573280,중구제2선거구,country:kr/met-city:30/flacs-constituency:중구제2선거구,country:kr/met-city:30
Q50573284,세종특별자치시제13선거구,country:kr/ssg-city:50/flacs-constituency:세종특별자치시제13선거구,country:kr/ssg-city:50
Q50573287,세종특별자치시제9선거구,country:kr/ssg-city:50/flacs-constituency:세종특별자치시제9선거구,country:kr/ssg-city:50
Q50573290,세종특별자치시제4선거구,country:kr/ssg-city:50/flacs-constituency:세종특별자치시제4선거구,country:kr/ssg-city:50
Q50573293,세종특별자치시제2선거구,country:kr/ssg-city:50/flacs-constituency:세종특별자치시제2선거구,country:kr/ssg-city:50
Q50573298,세종특별자치시제11선거구,country:kr/ssg-city:50/flacs-constituency:세종특별자치시제11선거구,country:kr/ssg-city:50
Q50573301,세종특별자치시제7선거구,country:kr/ssg-city:50/flacs-constituency:세종특별자치시제7선거구,country:kr/ssg-city:50
Q50573304,세종특별자치시제5선거구,country:kr/ssg-city:50/flacs-constituency:세종특별자치시제5선거구,country:kr/ssg-city:50
Q50573307,세종특별자치시제8선거구,country:kr/ssg-city:50/flacs-constituency:세종특별자치시제8선거구,country:kr/ssg-city:50
Q50573310,세종특별자치시제6선거구,country:kr/ssg-city:50/flacs-constituency:세종특별자치시제6선거구,country:kr/ssg-city:50
Q50573313,세종특별자치시제1선거구,country:kr/ssg-city:50/flacs-constituency:세종특별자치시제1선거구,country:kr/ssg-city:50
Q50573316,세종특별자치시제3선거구,country:kr/ssg-city:50/flacs-constituency:세종특별자치시제3선거구,country:kr/ssg-city:50
Q50573319,세종특별자치시제10선거구,country:kr/ssg-city:50/flacs-constituency:세종특별자치시제10선거구,country:kr/ssg-city:50
Q50573321,세종특별자치시제12선거구,country:kr/ssg-city:50/flacs-constituency:세종특별자치시제12선거구,country:kr/ssg-city:50
Q50573325,동구제2선거구,country:kr/met-city:26/flacs-constituency:동구제2선거구,country:kr/met-city:26
Q50573329,동래구제3선거구,country:kr/met-city:26/flacs-constituency:동래구제3선거구,country:kr/met-city:26
Q50573332,해운대구제4선거구,country:kr/met-city:26/flacs-constituency:해운대구제4선거구,country:kr/met-city:26
Q50573336,남구제1선거구,country:kr/met-city:26/flacs-constituency:남구제1선거구,country:kr/met-city:26
Q50573337,북구제3선거구,country:kr/met-city:26/flacs-constituency:북구제3선거구,country:kr/met-city:26
Q50573340,사하구제2선거구,country:kr/met-city:26/flacs-constituency:사하구제2선거구,country:kr/met-city:26
Q50573342,금정구제2선거구,country:kr/met-city:26/flacs-constituency:금정구제2선거구,country:kr/met-city:26
Q50573344,수영구제2선거구,country:kr/met-city:26/flacs-constituency:수영구제2선거구,country:kr/met-city:26
Q50573345,연제구제2선거구,country:kr/met-city:26/flacs-constituency:연제구제2선거구,country:kr/met-city:26
Q50573346,강서구제1선거구,country:kr/met-city:26/flacs-constituency:강서구제1선거구,country:kr/met-city:26
Q50573348,동래구제1선거구,country:kr/met-city:26/flacs-constituency:동래구제1선거구,country:kr/met-city:26
Q50573349,기장군제1선거구,country:kr/met-city:26/flacs-constituency:기장군제1선거구,country:kr/met-city:26
Q50573352,동구제1선거구,country:kr/met-city:26/flacs-constituency:동구제1선거구,country:kr/met-city:26
Q50573355,사상구제1선거구,country:kr/met-city:26/flacs-constituency:사상구제1선거구,country:kr/met-city:26
Q50573358,북구제4선거구,country:kr/met-city:26/flacs-constituency:북구제4선거구,country:kr/met-city:26
Q50573363,사하구제4선거구,country:kr/met-city:26/flacs-constituency:사하구제4선거구,country:kr/met-city:26
Q50573368,영도구제1선거구,country:kr/met-city:26/flacs-constituency:영도구제1선거구,country:kr/met-city:26
Q50573371,남구제2선거구,country:kr/met-city:26/flacs-constituency:남구제2선거구,country:kr/met-city:26
Q50573372,해운대구제2선거구,country:kr/met-city:26/flacs-constituency:해운대구제2선거구,country:kr/met-city:26
Q50573374,부산진구제4선거구,country:kr/met-city:26/flacs-constituency:부산진구제4선거구,country:kr/met-city:26
Q50573378,북구제1선거구,country:kr/met-city:26/flacs-constituency:북구제1선거구,country:kr/met-city:26
Q50573379,영도구제2선거구,country:kr/met-city:26/flacs-constituency:영도구제2선거구,country:kr/met-city:26
Q50573382,기장군제2선거구,country:kr/met-city:26/flacs-constituency:기장군제2선거구,country:kr/met-city:26
Q50573384,부산진구제1선거구,country:kr/met-city:26/flacs-constituency:부산진구제1선거구,country:kr/met-city:26
Q50573385,사하구제3선거구,country:kr/met-city:26/flacs-constituency:사하구제3선거구,country:kr/met-city:26
Q50573386,서구제2선거구,country:kr/met-city:26/flacs-constituency:서구제2선거구,country:kr/met-city:26
Q50573387,남구제4선거구,country:kr/met-city:26/flacs-constituency:남구제4선거구,country:kr/met-city:26
Q50573388,부산진구제2선거구,country:kr/met-city:26/flacs-constituency:부산진구제2선거구,country:kr/met-city:26
Q50573389,중구선거구,country:kr/met-city:26/flacs-constituency:중구선거구,country:kr/met-city:26
Q50573390,남구제3선거구,country:kr/met-city:26/flacs-constituency:남구제3선거구,country:kr/met-city:26
Q50573391,수영구제1선거구,country:kr/met-city:26/flacs-constituency:수영구제1선거구,country:kr/met-city:26
Q50573392,동래구제2선거구,country:kr/met-city:26/flacs-constituency:동래구제2선거구,country:kr/met-city:26
Q50573393,서구제1선거구,country:kr/met-city:26/flacs-constituency:서구제1선거구,country:kr/met-city:26
Q50573396,해운대구제1선거구,country:kr/met-city:26/flacs-constituency:해운대구제1선거구,country:kr/met-city:26
Q50573397,강서구제2선거구,country:kr/met-city:26/flacs-constituency:강서구제2선거구,country:kr/met-city:26
Q50573399,해운대구제3선거구,country:kr/met-city:26/flacs-constituency:해운대구제3선거구,country:kr/met-city:26
Q50573400,부산진구제3선거구,country:kr/met-city:26/flacs-constituency:부산진구제3선거구,country:kr/met-city:26
Q50573401,연제구제1선거구,country:kr/met-city:26/flacs-constituency:연제구제1선거구,country:kr/met-city:26
Q50573402,사하구제1선거구,country:kr/met-city:26/flacs-constituency:사하구제1선거구,country:kr/met-city:26
Q50573404,북구제2선거구,country:kr/met-city:26/flacs-constituency:북구제2선거구,country:kr/met-city:26
Q50573415,사상구제2선거구,country:kr/met-city:26/flacs-constituency:사상구제2선거구,country:kr/met-city:26
Q50573426,금정구제1선거구,country:kr/met-city:26/flacs-constituency:금정구제1선거구,country:kr/met-city:26
Q50573445,양천구제1선거구,country:kr/special-city:11/flacs-constituency:양천구제1선거구,country:kr/special-city:11
Q50573461,송파구제6선거구,country:kr/special-city:11/flacs-constituency:송파구제6선거구,country:kr/special-city:11
Q50573462,도봉구제1선거구,country:kr/special-city:11/flacs-constituency:도봉구제1선거구,country:kr/special-city:11
Q50573463,강남구제4선거구,country:kr/special-city:11/flacs-constituency:강남구제4선거구,country:kr/special-city:11
Q50573465,동작구제1선거구,country:kr/special-city:11/flacs-constituency:동작구제1선거구,country:kr/special-city:11
Q50573468,은평구제1선거구,country:kr/special-city:11/flacs-constituency:은평구제1선거구,country:kr/special-city:11
Q50573469,송파구제4선거구,country:kr/special-city:11/flacs-constituency:송파구제4선거구,country:kr/special-city:11
Q50573470,영등포구제3선거구,country:kr/special-city:11/flacs-constituency:영등포구제3선거구,country:kr/special-city:11
Q50573471,강남구제1선거구,country:kr/special-city:11/flacs-constituency:강남구제1선거구,country:kr/special-city:11
Q50573472,서초구제4선거구,country:kr/special-city:11/flacs-constituency:서초구제4선거구,country:kr/special-city:11
Q50573476,송파구제2선거구,country:kr/special-city:11/flacs-constituency:송파구제2선거구,country:kr/special-city:11
Q50573477,성북구제2선거구,country:kr/special-city:11/flacs-constituency:성북구제2선거구,country:kr/special-city:11
Q50573478,구로구제4선거구,country:kr/special-city:11/flacs-constituency:구로구제4선거구,country:kr/special-city:11
Q50573479,성북구제4선거구,country:kr/special-city:11/flacs-constituency:성북구제4선거구,country:kr/special-city:11
Q50573481,노원구제2선거구,country:kr/special-city:11/flacs-constituency:노원구제2선거구,country:kr/special-city:11
Q50573482,강북구제4선거구,country:kr/special-city:11/flacs-constituency:강북구제4선거구,country:kr/special-city:11
Q50573483,마포구제2선거구,country:kr/special-city:11/flacs-constituency:마포구제2선거구,country:kr/special-city:11
Q50573484,송파구제1선거구,country:kr/special-city:11/flacs-constituency:송파구제1선거구,country:kr/special-city:11
Q50573486,중랑구제1선거구,country:kr/special-city:11/flacs-constituency:중랑구제1선거구,country:kr/special-city:11
Q50573487,중랑구제2선거구,country:kr/special-city:11/flacs-constituency:중랑구제2선거구,country:kr/special-city:11
Q50573488,구로구제1선거구,country:kr/special-city:11/flacs-constituency:구로구제1선거구,country:kr/special-city:11
Q50573490,강서구제1선거구,country:kr/special-city:11/flacs-constituency:강서구제1선거구,country:kr/special-city:11
Q50573493,구로구제3선거구,country:kr/special-city:11/flacs-constituency:구로구제3선거구,country:kr/special-city:11
Q50573497,강남구제2선거구,country:kr/special-city:11/flacs-constituency:강남구제2선거구,country:kr/special-city:11
Q50573501,서대문구제2선거구,country:kr/special-city:11/flacs-constituency:서대문구제2선거구,country:kr/special-city:11
Q50573504,강남구제3선거구,country:kr/special-city:11/flacs-constituency:강남구제3선거구,country:kr/special-city:11
Q50573510,동작구제3선거구,country:kr/special-city:11/flacs-constituency:동작구제3선거구,country:kr/special-city:11
Q50573515,관악구제2선거구,country:kr/special-city:11/flacs-constituency:관악구제2선거구,country:kr/special-city:11
Q50573522,은평구제3선거구,country:kr/special-city:11/flacs-constituency:은평구제3선거구,country:kr/special-city:11
Q50573530,서초구제3선거구,country:kr/special-city:11/flacs-constituency:서초구제3선거구,country:kr/special-city:11
Q50573534,중구제2선거구,country:kr/special-city:11/flacs-constituency:중구제2선거구,country:kr/special-city:11
Q50573539,성동구제3선거구,country:kr/special-city:11/flacs-constituency:성동구제3선거구,country:kr/special-city:11
Q50573545,노원구제3선거구,country:kr/special-city:11/flacs-constituency:노원구제3선거구,country:kr/special-city:11
Q50573551,송파구제5선거구,country:kr/special-city:11/flacs-constituency:송파구제5선거구,country:kr/special-city:11
Q50573558,광진구제1선거구,country:kr/special-city:11/flacs-constituency:광진구제1선거구,country:kr/special-city:11
Q50573565,중구제1선거구,country:kr/special-city:11/flacs-constituency:중구제1선거구,country:kr/special-city:11
Q50573573,동대문구제3선거구,country:kr/special-city:11/flacs-constituency:동대문구제3선거구,country:kr/special-city:11
Q50573592,노원구제6선거구,country:kr/special-city:11/flacs-constituency:노원구제6선거구,country:kr/special-city:11
Q50573600,용산구제1선거구,country:kr/special-city:11/flacs-constituency:용산구제1선거구,country:kr/special-city:11
Q50573610,강서구제3선거구,country:kr/special-city:11/flacs-constituency:강서구제3선거구,country:kr/special-city:11
Q50573621,은평구제2선거구,country:kr/special-city:11/flacs-constituency:은평구제2선거구,country:kr/special-city:11
Q50573630,송파구제3선거구,country:kr/special-city:11/flacs-constituency:송파구제3선거구,country:kr/special-city:11
Q50573642,강동구제3선거구,country:kr/special-city:11/flacs-constituency:강동구제3선거구,country:kr/special-city:11
Q50573655,금천구제1선거구,country:kr/special-city:11/flacs-constituency:금천구제1선거구,country:kr/special-city:11
Q50573666,강북구제2선거구,country:kr/special-city:11/flacs-constituency:강북구제2선거구,country:kr/special-city:11
Q50573677,서대문구제3선거구,country:kr/special-city:11/flacs-constituency:서대문구제3선거구,country:kr/special-city:11
Q50573689,강동구제1선거구,country:kr/special-city:11/flacs-constituency:강동구제1선거구,country:kr/special-city:11
Q50573702,종로구제2선거구,country:kr/special-city:11/flacs-constituency:종로구제2선거구,country:kr/special-city:11
Q50573712,강동구제2선거구,country:kr/special-city:11/flacs-constituency:강동구제2선거구,country:kr/special-city:11
Q50573719,강북구제3선거구,country:kr/special-city:11/flacs-constituency:강북구제3선거구,country:kr/special-city:11
Q50573725,도봉구제2선거구,country:kr/special-city:11/flacs-constituency:도봉구제2선거구,country:kr/special-city:11
Q50573734,동작구제4선거구,country:kr/special-city:11/flacs-constituency:동작구제4선거구,country:kr/special-city:11
Q50573744,광진구제3선거구,country:kr/special-city:11/flacs-constituency:광진구제3선거구,country:kr/special-city:11
Q50573759,성동구제4선거구,country:kr/special-city:11/flacs-constituency:성동구제4선거구,country:kr/special-city:11
Q50573772,광진구제2선거구,country:kr/special-city:11/flacs-constituency:광진구제2선거구,country:kr/special-city:11
Q50573785,서대문구제4선거구,country:kr/special-city:11/flacs-constituency:서대문구제4선거구,country:kr/special-city:11
Q50573796,서초구제2선거구,country:kr/special-city:11/flacs-constituency:서초구제2선거구,country:kr/special-city:11
Q50573809,영등포구제4선거구,country:kr/special-city:11/flacs-constituency:영등포구제4선거구,country:kr/special-city:11
Q50573819,강서구제4선거구,country:kr/special-city:11/flacs-constituency:강서구제4선거구,country:kr/special-city:11
Q50573834,성동구제2선거구,country:kr/special-city:11/flacs-constituency:성동구제2선거구,country:kr/special-city:11
Q50573843,동대문구제1선거구,country:kr/special-city:11/flacs-constituency:동대문구제1선거구,country:kr/special-city:11
Q50573857,중랑구제4선거구,country:kr/special-city:11/flacs-constituency:중랑구제4선거구,country:kr/special-city:11
Q50573869,중랑구제3선거구,country:kr/special-city:11/flacs-constituency:중랑구제3선거구,country:kr/special-city:11
Q50573880,마포구제3선거구,country:kr/special-city:11/flacs-constituency:마포구제3선거구,country:kr/special-city:11
Q50573891,성북구제3선거구,country:kr/special-city:11/flacs-constituency:성북구제3선거구,country:kr/special-city:11
Q50573905,관악구제4선거구,country:kr/special-city:11/flacs-constituency:관악구제4선거구,country:kr/special-city:11
Q50573915,동대문구제2선거구,country:kr/special-city:11/flacs-constituency:동대문구제2선거구,country:kr/special-city:11
Q50573924,광진구제4선거구,country:kr/special-city:11/flacs-constituency:광진구제4선거구,country:kr/special-city:11
Q50573938,구로구제2선거구,country:kr/special-city:11/flacs-constituency:구로구제2선거구,country:kr/special-city:11
Q50573950,강동구제4선거구,country:kr/special-city:11/flacs-constituency:강동구제4선거구,country:kr/special-city:11
Q50573958,관악구제3선거구,country:kr/special-city:11/flacs-constituency:관악구제3선거구,country:kr/special-city:11
Q50573968,노원구제4선거구,country:kr/special-city:11/flacs-constituency:노원구제4선거구,country:kr/special-city:11
Q50573982,양천구제2선거구,country:kr/special-city:11/flacs-constituency:양천구제2선거구,country:kr/special-city:11
Q50573995,서초구제1선거구,country:kr/special-city:11/flacs-constituency:서초구제1선거구,country:kr/special-city:11
Q50574012,영등포구제2선거구,country:kr/special-city:11/flacs-constituency:영등포구제2선거구,country:kr/special-city:11
Q50574022,금천구제2선거구,country:kr/special-city:11/flacs-constituency:금천구제2선거구,country:kr/special-city:11
Q50574029,성북구제1선거구,country:kr/special-city:11/flacs-constituency:성북구제1선거구,country:kr/special-city:11
Q50574046,은평구제4선거구,country:kr/special-city:11/flacs-constituency:은평구제4선거구,country:kr/special-city:11
Q50574057,영등포구제1선거구,country:kr/special-city:11/flacs-constituency:영등포구제1선거구,country:kr/special-city:11
Q50574066,관악구제1선거구,country:kr/special-city:11/flacs-constituency:관악구제1선거구,country:kr/special-city:11
Q50574079,동대문구제4선거구,country:kr/special-city:11/flacs-constituency:동대문구제4선거구,country:kr/special-city:11
Q50574088,마포구제1선거구,country:kr/special-city:11/flacs-constituency:마포구제1선거구,country:kr/special-city:11
Q50574096,마포구제4선거구,country:kr/special-city:11/flacs-constituency:마포구제4선거구,country:kr/special-city:11
Q50574105,종로구제1선거구,country:kr/special-city:11/flacs-constituency:종로구제1선거구,country:kr/special-city:11
Q50574116,양천구제4선거구,country:kr/special-city:11/flacs-constituency:양천구제4선거구,country:kr/special-city:11
Q50574123,양천구제3선거구,country:kr/special-city:11/flacs-constituency:양천구제3선거구,country:kr/special-city:11
Q50574130,노원구제5선거구,country:kr/special-city:11/flacs-constituency:노원구제5선거구,country:kr/special-city:11
Q50574142,용산구제2선거구,country:kr/special-city:11/flacs-constituency:용산구제2선거구,country:kr/special-city:11
Q50574155,도봉구제4선거구,country:kr/special-city:11/flacs-constituency:도봉구제4선거구,country:kr/special-city:11
Q50574165,동작구제2선거구,country:kr/special-city:11/flacs-constituency:동작구제2선거구,country:kr/special-city:11
Q50574177,서대문구제1선거구,country:kr/special-city:11/flacs-constituency:서대문구제1선거구,country:kr/special-city:11
Q50574189,강서구제2선거구,country:kr/special-city:11/flacs-constituency:강서구제2선거구,country:kr/special-city:11
Q50574195,강북구제1선거구,country:kr/special-city:11/flacs-constituency:강북구제1선거구,country:kr/special-city:11
Q50574205,도봉구제3선거구,country:kr/special-city:11/flacs-constituency:도봉구제3선거구,country:kr/special-city:11
Q50574219,청주시제2선거구,country:kr/province:43/flacs-constituency:청주시제2선거구,country:kr/province:43
Q50574229,옥천군제1선거구,country:kr/province:43/flacs-constituency:옥천군제1선거구,country:kr/province:43
Q50574244,괴산군선거구,country:kr/province:43/flacs-constituency:괴산군선거구,country:kr/province:43
Q50574251,청주시제1선거구,country:kr/province:43/flacs-constituency:청주시제1선거구,country:kr/province:43
Q50574255,증평군선거구,country:kr/province:43/flacs-constituency:증평군선거구,country:kr/province:43
Q50574265,충주시제2선거구,country:kr/province:43/flacs-constituency:충주시제2선거구,country:kr/province:43
Q50574276,충주시제1선거구,country:kr/province:43/flacs-constituency:충주시제1선거구,country:kr/province:43
Q50574286,진천군제2선거구,country:kr/province:43/flacs-constituency:진천군제2선거구,country:kr/province:43
Q50574299,청주시제9선거구,country:kr/province:43/flacs-constituency:청주시제9선거구,country:kr/province:43
Q50574312,영동군제2선거구,country:kr/province:43/flacs-constituency:영동군제2선거구,country:kr/province:43
Q50574323,청주시제3선거구,country:kr/province:43/flacs-constituency:청주시제3선거구,country:kr/province:43
Q50574329,진천군제1선거구,country:kr/province:43/flacs-constituency:진천군제1선거구,country:kr/province:43
Q50574339,단양군선거구,country:kr/province:43/flacs-constituency:단양군선거구,country:kr/province:43
Q50574351,음성군제1선거구,country:kr/province:43/flacs-constituency:음성군제1선거구,country:kr/province:43
Q50574358,청주시제10선거구,country:kr/province:43/flacs-constituency:청주시제10선거구,country:kr/province:43
Q50574365,청주시제6선거구,country:kr/province:43/flacs-constituency:청주시제6선거구,country:kr/province:43
Q50574375,청주시제8선거구,country:kr/province:43/flacs-constituency:청주시제8선거구,country:kr/province:43
Q50574383,청주시제11선거구,country:kr/province:43/flacs-constituency:청주시제11선거구,country:kr/province:43
Q50574393,청주시제4선거구,country:kr/province:43/flacs-constituency:청주시제4선거구,country:kr/province:43
Q50574397,제천시제2선거구,country:kr/province:43/flacs-constituency:제천시제2선거구,country:kr/province:43
Q50574404,음성군제2선거구,country:kr/province:43/flacs-constituency:음성군제2선거구,country:kr/province:43
Q50574412,영동군제1선거구,country:kr/province:43/flacs-constituency:영동군제1선거구,country:kr/province:43
Q50574425,충주시제3선거구,country:kr/province:43/flacs-constituency:충주시제3선거구,country:kr/province:43
Q50574438,청주시제7선거구,country:kr/province:43/flacs-constituency:청주시제7선거구,country:kr/province:43
Q50574448,옥천군제2선거구,country:kr/province:43/flacs-constituency:옥천군제2선거구,country:kr/province:43
Q50574458,제천시제1선거구,country:kr/province:43/flacs-constituency:제천시제1선거구,country:kr/province:43
Q50574465,보은군선거구,country:kr/province:43/flacs-constituency:보은군선거구,country:kr/province:43
Q50574473,청주시제5선거구,country:kr/province:43/flacs-constituency:청주시제5선거구,country:kr/province:43
